Text,Model,Time,Ratio,Tokens,Device,Type
Sonnet (En),GZIP,4.7206878662109375e-05,4.789968652037618,178,CPU,Baseline
Poem (Cn),GZIP,3.600120544433594e-05,5.163120567375887,261,CPU,Baseline
News (En),GZIP,4.410743713378906e-05,4.325249643366619,349,CPU,Baseline
News (Cn),GZIP,8.511543273925781e-05,4.1058304752572266,1212,CPU,Baseline
Novel (En),GZIP,0.005415201187133789,2.878213374101737,42272,CPU,Baseline
Sonnet (En),DeepSeek 1.3B,6.177958965301514,0.23824451410658307,178,MPS,LLM
Poem (Cn),DeepSeek 1.3B,9.285603046417236,1.100709219858156,261,MPS,LLM
News (En),DeepSeek 1.3B,31.788939714431763,1.1184022824536377,349,MPS,LLM
